{"frames": {

"winning_siren_light_frame_1.png":
{
	"frame": {"x":1,"y":521,"w":159,"h":127},
	"rotated": false,
	"trimmed": true,
	"spriteSourceSize": {"x":40,"y":2,"w":159,"h":127},
	"sourceSize": {"w":231,"h":129}
},
"winning_siren_light_frame_2.png":
{
	"frame": {"x":1,"y":650,"w":156,"h":129},
	"rotated": false,
	"trimmed": true,
	"spriteSourceSize": {"x":42,"y":0,"w":156,"h":129},
	"sourceSize": {"w":231,"h":129}
},
"winning_siren_light_frame_3.png":
{
	"frame": {"x":1,"y":390,"w":164,"h":129},
	"rotated": false,
	"trimmed": true,
	"spriteSourceSize": {"x":42,"y":0,"w":164,"h":129},
	"sourceSize": {"w":231,"h":129}
},
"winning_siren_light_frame_4.png":
{
	"frame": {"x":1,"y":1,"w":185,"h":129},
	"rotated": false,
	"trimmed": true,
	"spriteSourceSize": {"x":40,"y":0,"w":185,"h":129},
	"sourceSize": {"w":231,"h":129}
},
"winning_siren_light_frame_5.png":
{
	"frame": {"x":1,"y":132,"w":181,"h":127},
	"rotated": false,
	"trimmed": true,
	"spriteSourceSize": {"x":35,"y":2,"w":181,"h":127},
	"sourceSize": {"w":231,"h":129}
},
"winning_siren_light_frame_6.png":
{
	"frame": {"x":1,"y":261,"w":177,"h":127},
	"rotated": false,
	"trimmed": true,
	"spriteSourceSize": {"x":24,"y":2,"w":177,"h":127},
	"sourceSize": {"w":231,"h":129}
},
"winning_siren_light_frame_7.png":
{
	"frame": {"x":1,"y":781,"w":152,"h":127},
	"rotated": false,
	"trimmed": true,
	"spriteSourceSize": {"x":42,"y":2,"w":152,"h":127},
	"sourceSize": {"w":231,"h":129}
},
"winning_siren_light_idle.png":
{
	"frame": {"x":1,"y":910,"w":123,"h":113},
	"rotated": false,
	"trimmed": true,
	"spriteSourceSize": {"x":54,"y":16,"w":123,"h":113},
	"sourceSize": {"w":231,"h":129}
}},
"animations": {
	"winning_siren_light_frame": ["winning_siren_light_frame_1.png","winning_siren_light_frame_2.png","winning_siren_light_frame_3.png","winning_siren_light_frame_4.png","winning_siren_light_frame_5.png","winning_siren_light_frame_6.png","winning_siren_light_frame_7.png"]
},
"meta": {
	"app": "https://www.codeandweb.com/texturepacker",
	"version": "1.0",
	"image": "siren_anim.png",
	"format": "RGBA8888",
	"size": {"w":187,"h":1024},
	"scale": "1",
	"smartupdate": "$TexturePacker:SmartUpdate:64b7ce8a5fbbf8e54b6333fe7ff31677:938ebce9e4a19f497d59252256a94eb1:92fb1b1d32fdde0135b3202f2762e00e$"
}
}
